"relative_path","bytes","sha256"
".gitignore","830","766791980E6DFCB03788131760D8729C7E0479E770B9F73FF7B1CDFBB31BE5C3"
"CITATION.cff","631","803136509188F6758FE7F318E029173614FF741F725F1B874C3C0FE09BACEE2F"
"DATASETS_AND_LINKS.csv","11609","998F562AAA1D035FD156782C982EB5E40F96DB0362047A0E21DBA78DFB85FD1B"
"EXECUTION_CHECKLIST.csv","5841","015E4E5EEF109840CFD5870845A49037A6FE7E7B1E4CDD171A48874BDD6AEF9D"
"LICENSE","1088","398E8A45BEF26BDA66EBC3CA09C3F1EAFC148D571296B8A1CD168C48ADE6A765"
"README.md","2074","736CA968C87623D5AE0FBAC43311EB07A07C03FC43D7C34BCD11D4011E35AC39"
"REPRODUCIBLE_RUNBOOK.md","8774","496C847455D51EBA7BC8F2C31F6C3F52C6DF75888BE9730B517496225A74CB9A"
"round1_reports/FOUR_MODEL_REVIEW_round1_synthesis.md","1797","D017542A05608418CB4B0AD1E8A70AB9FBDA481522F745FFEB4FFCE7A7BD06AB"
"round1_reports/GATE_REPORT_round1.md","2177","139FC37E930392930C19C69C70AE583AB7AF5CF56076B978C71AC08E8D05A875"
"round1_reports/main_results.csv","858","D1038B9DC3624D67B5847BCB5DFE24A8D6D12FD5AA0C289D055D3743D5852468"
"round1_reports/reproducibility_report.md","2672","F3F0A31702B35C0338A1B3496B897ADFBD4B737C03DBC60EB98AE0C1B8614A74"
"round1_reports/statistical_tests.csv","706","28B1B551BE45C7DFB07183F6BCB81B3747C493F2EAC5F31F4198FC7E2DBDD986"
"scaffold/.gitignore","455","E964B28902452627361C26B8C8ECE7FBC6B12AF6B368E80CB8778DB138E25912"
"scaffold/.python-version","6","8DFDA54BA2F66AB3A8EBAB460F4338BBEEA1FB1E0F85CE06FE3530AA3C64679B"
"scaffold/README.md","1247","0F185DD5B98CEA1F8C52934E70D0658B7575EB71BABD8240A4F36C43C387EE14"
"scaffold/configs/default.yaml","547","60416AA89CC1F3523E6F7C58F05F5E7F0BC01DA402CAA63875DA443BA20048C8"
"scaffold/configs/full.yaml","93","0E5FAB8FD931B98189C5F3ABACF3B7ED95FF0EF52123EBCAF7C82C896F770A3F"
"scaffold/configs/pilot.yaml","141","03009F76CC6ED0AF772DE996C29FD15C69A682F8A2FA894B081557B172AA71D5"
"scaffold/data/expanded_pilot_v2/figures/expanded_pilot_v2_mechanism_composition.csv","338","504948C3D4FF7C45B2F92683376668C101DBC5B3FD9823EDEFEE0750977D5465"
"scaffold/data/expanded_pilot_v2/figures/expanded_pilot_v2_results_note.md","886","FA1D51F5065489C6EFC74C5D2A2579E821666966DB7797FF7F8FAF6AFC7B2E39"
"scaffold/data/expanded_pilot_v2/figures/expanded_pilot_v2_summary.csv","810","5B8CA1A58BB5887F3911F909ED6B6A6003B43AE9CAAF9A6EAAA0A20402F60228"
"scaffold/data/expanded_pilot_v2/figures/fig_expanded_v2_mechanism_composition.png","104504","89A0A52A765E3020A5ED9165287AB71E9C089A69D1FC1B99F3CC55B84B8D92FE"
"scaffold/data/expanded_pilot_v2/figures/fig_expanded_v2_summary.png","143368","03DF4104CBD5CD9C953F9D96E3A4264A33D8E296E4196BC1EEBAB6DA1B888A9B"
"scaffold/data/expanded_pilot_v2/figures/protocol_effect_ledger.csv","853","ED8BBECF13A307D8BF62586077BE73AAD799906AF1425426F18AFE08C1F23F0D"
"scaffold/data/expanded_pilot_v2/selected_FF22.csv","846","8F8E42AF6C26B2D4114976FC5FE70AE3115AD1666B445E53CF530F353A2D57BC"
"scaffold/data/expanded_pilot_v2/selected_FFext.csv","439","08646C863288951CCAA92B137ABC06DD8DF0E67D513F6FB6EC5426B3F849FCFB"
"scaffold/data/expanded_pilot_v2/selected_NF28.csv","1386","449D1BC37EF46FFD1948D21C814DC5D97C2D20446858F0A46D056A7578715A27"
"scaffold/data/formal_pilot_v1/figures/fig_pilot_v1_beta.png","24977","1FD118254AC2E7A72AE75290AA8BEC24FCB99AB0E93121BAFBA7CE68425CF30D"
"scaffold/data/formal_pilot_v1/figures/fig_pilot_v1_censoring.png","33592","AAC9B27D1B3AE560719A5810A573642F7E3642EB654DA2A973B9F7136F9ABB51"
"scaffold/data/formal_pilot_v1/figures/fig_pilot_v1_theta.png","33154","4F5D14BA249A7C7D02345E3C328147A32F4D7899E0548E12C7075FAB70CBCFC5"
"scaffold/data/formal_pilot_v1/figures/formal_pilot_v1_summary.csv","515","30ACDB35174B7AE3E9FB36ACCD2FE8B9D6CDCD9C725D7D0D464C7C16D8F5D137"
"scaffold/data/formal_pilot_v1/selected_FF22.csv","810","2F15CCA7F299713C77A64918971ECCFDD072B0C4E95C99E4876D198C538EC1DA"
"scaffold/data/formal_pilot_v1/selected_FFext.csv","398","B69FDBD550FBF77601281780C477BFB2A13AF8742C1FFC81638681BC99F42826"
"scaffold/data/full_pool_resampling_r36/eligible_FF22.csv","27714","E21F3517B22AA3F617D58FF9D3F977C654B788E1A833FC38F45ACE211CB4B036"
"scaffold/data/full_pool_resampling_r36/eligible_FFext.csv","22718","11B8470FB7F9099341D3F22722EFA894A1C93CF49CAA2CFC5AC0AF1A4EAF6CE0"
"scaffold/data/full_pool_resampling_r36/eligible_NF28.csv","5763","E4F0DA685149DDED135343DEED69BEF2DD86AAA1C8C73316F0DA76CB4CF4211E"
"scaffold/data/full_pool_resampling_r36/figures/fig14_full_pool_resampling_delta_logtheta.png","71809","ED4DC7E723724DD2703C9B7672F944CF90797FC8A2E25B53BA87CEE628F1D4FC"
"scaffold/data/full_pool_resampling_r36/figures/fig_r36_seed_stability.png","113073","54309CE2F2C4E6A8FF6AA3A51BBA339E14DDEB3DED636C930C3371530B24A554"
"scaffold/data/full_pool_resampling_r36/figures/fig_r36_theta_by_subset.png","123458","E7E8836DDD298401639F5A39B166D02E5D2F649540B32ACDB29F3C1ACF4EEE89"
"scaffold/data/full_pool_resampling_r36/r36_censored_mle_by_subset.csv","3483","9160457FF99C42081001D66B95FB834A6F6CB9269A68F807B7FAF96AECFE108D"
"scaffold/data/full_pool_resampling_r36/r36_collapse_observations.csv","75331","454C10B36E5224ABD93BDBAECBD9C11A8F59B958A74A88B72800C464F1C83F43"
"scaffold/data/full_pool_resampling_r36/r36_data_leakage_checks.csv","1664","02BE262D0A32DB8A96FC4636F9D55731AA884069A94257AFB8F425D34DD9D057"
"scaffold/data/full_pool_resampling_r36/r36_eligible_pool_summary.csv","423","9C7043058ED8C1C7C01D6CB750BA8A104C3A73CAA996F9F95ADADF1C63173580"
"scaffold/data/full_pool_resampling_r36/r36_full_pool_subset_manifest.csv","45300","817D020FDA33D067AC1F32C4BB4C63D23970EFA6C813F760D3E022791C0514BC"
"scaffold/data/full_pool_resampling_r36/r36_ida_raw_all.csv","1922659","C2752C9D105E087612DB30DFCA685ACF1F9156AD168AB614A6FBBD1B216D19EA"
"scaffold/data/full_pool_resampling_r36/r36_protocol_effect_distribution.csv","3134","95F34F61A4CA100665DF4305B738B2B7775F84210F749D33420BC0AF7312A3E5"
"scaffold/data/full_pool_resampling_r36/r36_run_bank_execution_history.csv","1226","A593612F2208F98FA3AFCCBB5141385171DEA6A2A23FE63112B871E7F689B4BD"
"scaffold/data/full_pool_resampling_r36/r36_run_bank_execution_summary.json","201","E59650C75038BA943EA83C7B8CA30B36B8DA8DF9723AAA712128DD19EFCB6ED4"
"scaffold/data/full_pool_resampling_r36/r36_run_completion_cache.csv","493269","BE0F05F6BF46BD9DB443C746CE12D905D98546C094BE0ECEBF0F06E978AE53C3"
"scaffold/data/full_pool_resampling_r36/r36_statistical_tests.csv","706","28B1B551BE45C7DFB07183F6BCB81B3747C493F2EAC5F31F4198FC7E2DBDD986"
"scaffold/data/full_pool_resampling_r36/r36_summary_table.csv","858","D1038B9DC3624D67B5847BCB5DFE24A8D6D12FD5AA0C289D055D3743D5852468"
"scaffold/data/ground_motions/_derived/figures/fig_spectral_shape_hist_ff_nf.png","41385","1F17D1EEBBA76905DBC696BADE9902C16EEBEADB57A10305E5905D4BD0B99468"
"scaffold/data/ground_motions/_derived/gm_manifest.csv","92798","F14964E7858E82DB8937ECFD90E20FC700DA76CC4103FD5BDC4A4E0DF2A8A085"
"scaffold/data/ground_motions/_derived/nf28_sorted_manifest.csv","14266","707CCEE6F538C0EBE7D9BA82CB0DAFEABFCD558B0C4D02C8D1ABD42A22A49381"
"scaffold/data/ground_motions/_derived/spectral_shape_index.csv","8778","4250FAD7730522DBD951F9E6796B11FE37CA73E1DF6BB487B77A88EB0A885B70"
"scaffold/data/nf28_smoke/nf28_smoke_selection.csv","235","280BC63C5A837FDF29556D226F9DE3E196C3213E330005844EC483B8661BB246"
"scaffold/data/protocol_split_r34/figures/fig_protocol_split_r34_delta_logtheta.png","142531","4157468EFF8D3C5C4E3F44458DF310185DC55521D3719195532726146B456F08"
"scaffold/data/protocol_split_r34/figures/fig_protocol_split_r34_factor_deltas.png","96702","B102C850AEE73D4E02C5B9F8D4AD8194626655074AB15587D980659B7661D1C8"
"scaffold/data/protocol_split_r34/figures/fig_protocol_split_r34_theta.png","94982","26941EB496C81B58995260DFD9B9B3234964467EBE79AB74ED5CCD7202EEEE86"
"scaffold/data/protocol_split_r34/figures/protocol_split_r34_decomposition.csv","698","48DD8A0F17B1EEBF73BE380D4A1C115F5F29B139D1C3193A5BFF4F0FDA11B08D"
"scaffold/data/protocol_split_r34/figures/protocol_split_r34_protocol_effect_ledger.csv","3269","9C94DE03628C6E3269C442BFEC3121C3114656D5560C177826A6E089CB68E081"
"scaffold/data/protocol_split_r34/figures/protocol_split_r34_results_note.md","2938","497E156B548CC11C17005DBC1735F8055B8A8E62DA6B4E2B760F21DC47ED43B3"
"scaffold/data/protocol_split_r34/figures/protocol_split_r34_summary.csv","2698","133A865DF3962516DBDF184D39B34DB59DD999DB7914C58F2A9271E1FFC9D78A"
"scaffold/data/protocol_split_r34/r34_v2_v3_record_selection_overlap.csv","474","93672B18630220E542ACA2F2B3412C1A4558844A862C7F33AD02DAE5C190A552"
"scaffold/data/resampling_r1/figures/fig_r1_delta_logtheta_distribution.png","78665","D187B573C9997B3A8D716E6B0813DB0B4AB07CDA24FD58DD44664FA2491478DC"
"scaffold/data/resampling_r1/figures/fig_r1_psi_distribution.png","68746","6D2257B9544A74A5B3793503A805A9DE71D43E69BF98C758660DD59E9D84E948"
"scaffold/data/resampling_r1/figures/fig_r1_theta_distribution.png","74323","23CD77E7C1AB8609571A620F0C194F28221849320B9C04FB530E88640F0D38E2"
"scaffold/data/resampling_r1/r1_censored_mle_by_subset.csv","287982","4D1969F815D1883B660214FFA79564DC25F5AE114F8ED9D088B21956F6D719BB"
"scaffold/data/resampling_r1/r1_existing_record_bootstrap_note.md","1242","650267F51FC163B7199527A62996C9604B6463E4D623BEC68548102435A6E8CE"
"scaffold/data/resampling_r1/r1_protocol_effect_distribution.csv","308935","AA5488E7180AECFD013D7D715ABCA50565DA07FA5317582EF81AFE55D31B456A"
"scaffold/data/resampling_r1/r1_subset_manifest.csv","627574","A3BBA6075C60CDAD6E0F7798D06D274819DC7D43AC7F01001A2DB9C19AC43C8F"
"scaffold/data/resampling_r1/r1_summary_table.csv","621","1C28CAFD4AB7C12988CEC79DA913012BAB01299E8AED1E63C16435D5C31C4402"
"scaffold/data/run_meta_template.json","278","A2B12ABCC6AC50732636BF11E7EC7A6D5034962C1C1F3BC5707D0838571DF4A3"
"scaffold/data/sensitivity_v3/figures/fig_sensitivity_v3_summary.png","113714","BF92BF4194B74C36D328DD8A5529888BC0688C2BDD7D73819C4FEDB9FE714EB9"
"scaffold/data/sensitivity_v3/figures/sensitivity_v3_protocol_effect_ledger.csv","635","CA1CB0F8B1CB4AA9CDFE568143B1EB74329DC383AC0F5AF0CB23F8BCAE018AB7"
"scaffold/data/sensitivity_v3/figures/sensitivity_v3_results_note.md","619","DD36CC8C8A5B03F3CF128922B1314A242A5CE5B98B339DCC8EBBEFF73CBBA834"
"scaffold/data/sensitivity_v3/figures/sensitivity_v3_summary.csv","472","97788D4A8E1B8215D0321AE800AF3D94F428F6557200E551BFF3C71D657D78AB"
"scaffold/data/sensitivity_v3/selected_FF22.csv","1644","DCABB21464F3D561C6D3C9051C76AB7448A8E6A163CC31C25C335A2CD6545051"
"scaffold/data/sensitivity_v3/selected_FFext.csv","825","568E91E4244344E3C34A981AA87259DF6058424931B2A74300FA1B9D27276935"
"scaffold/data/sensitivity_v3/selected_NF28.csv","2675","2878E5C7B1E5827D57CEDC3520CC550F8EAC7A5C76D7B14B5BFD8C9AAA0E378B"
"scaffold/data/specimen_table_pilot_v1.csv","360","75CFE92C61B2AE1F311E2B9AADAD991ADE7257FB40BD9851589B0F47E6C090C1"
"scaffold/data/specimen_table_template.csv","142","85832531BE1056726DC46B23A689BA7A4F90EFAB0675B56CF55C97CCAA1910E6"
"scaffold/data/threshold_sensitivity_v4/figures/fig_threshold_sensitivity_v4_ledger.png","95793","A7B2C26E62DD92527479C8E831967BA718D5CC20A74FA3C21BBBA6210CC669BA"
"scaffold/data/threshold_sensitivity_v4/figures/fig_threshold_sensitivity_v4_theta.png","81202","36DB336312504033FF530635DD38DF01CE657318B1D2183C8E73EB53BC86516E"
"scaffold/data/threshold_sensitivity_v4/figures/threshold_sensitivity_v4_protocol_effect_ledger.csv","1703","08D59A29CEEE713009393193E1E7841C8C27C5ADBF8126514AAB0B49AF4DC687"
"scaffold/data/threshold_sensitivity_v4/figures/threshold_sensitivity_v4_results_note.md","967","B7FF5DAA34337AC13C3B5765CDB84A76605047D5F01C7C34F65592CF9CB3B92C"
"scaffold/data/threshold_sensitivity_v4/figures/threshold_sensitivity_v4_summary.csv","1184","21A208C0A7FB699D076DCB7EA18C0DC10D28F16E62B3FB1182AF31F50CEE4408"
"scaffold/docs/manuscript_drafts/figures/fig10_threshold_sensitivity_v4_ledger.png","95793","A7B2C26E62DD92527479C8E831967BA718D5CC20A74FA3C21BBBA6210CC669BA"
"scaffold/docs/manuscript_drafts/figures/fig12_r1_delta_logtheta_distribution.png","78665","D187B573C9997B3A8D716E6B0813DB0B4AB07CDA24FD58DD44664FA2491478DC"
"scaffold/docs/manuscript_drafts/figures/fig13_protocol_split_r34_delta_logtheta.png","142531","4157468EFF8D3C5C4E3F44458DF310185DC55521D3719195532726146B456F08"
"scaffold/docs/manuscript_drafts/figures/fig14_full_pool_resampling_delta_logtheta.png","71809","ED4DC7E723724DD2703C9B7672F944CF90797FC8A2E25B53BA87CEE628F1D4FC"
"scaffold/docs/manuscript_drafts/figures/fig1_workflow.pdf","23612","4E9CF72CD3C2064FA6AC96210A504BF7E702472AD30A9BB8ABEBB555D251C750"
"scaffold/docs/manuscript_drafts/figures/fig1_workflow.png","105882","28A16FBE102132783E7F36541CF3F1308273F2F0B118AC8D01E0A60CDD53AEA7"
"scaffold/docs/manuscript_drafts/figures/fig2_spectral_shape_index.pdf","19900","3AACC83C177633F16818F11E0F6E8B51560E0C215A8B3CC93E133DDFC00CA6FC"
"scaffold/docs/manuscript_drafts/figures/fig2_spectral_shape_index.png","84148","0A213C1B5A9C882DE1639145938A2E803FF3E736541650AFDEDAF498D7FA6F51"
"scaffold/docs/manuscript_drafts/figures/fig3_formal_pilot_summary.pdf","28153","3B6E685B20592CA57BC15F66C9C52DD96DC0308759562CD637EB1CE5FCC48A63"
"scaffold/docs/manuscript_drafts/figures/fig3_formal_pilot_summary.png","171988","08AF8C376259E92D0B39D8F1D4B9DFADD5856916DA73C6EF73CA771B8BD6A017"
"scaffold/docs/manuscript_drafts/figures/fig4_ida_stripes_example.pdf","22761","3E504ADD794387D7E35C9B545BD81707B930F09C0A516A46AD983FCD4BDC32CE"
"scaffold/docs/manuscript_drafts/figures/fig4_ida_stripes_example.png","172038","618C8EBDC432DBBF84F367A364B80C292E76B7F05CC6E4E940BA24DAD3A83146"
"scaffold/docs/manuscript_drafts/figures/fig5_mechanism_composition_pilot.pdf","13175","69A7D1BB69B71D1F07A989BD219AA9780984D86FAE5B1D8917067129FDBAF699"
"scaffold/docs/manuscript_drafts/figures/fig5_mechanism_composition_pilot.png","86966","09D2D6681F71F6D81286DBC2FED7BE4FE4D273DCEBB91603B14E5937F0D302D8"
"scaffold/docs/manuscript_drafts/figures/fig6_expanded_v2_summary.png","143368","03DF4104CBD5CD9C953F9D96E3A4264A33D8E296E4196BC1EEBAB6DA1B888A9B"
"scaffold/docs/manuscript_drafts/figures/fig7_expanded_v2_mechanism_composition.png","104504","89A0A52A765E3020A5ED9165287AB71E9C089A69D1FC1B99F3CC55B84B8D92FE"
"scaffold/docs/manuscript_drafts/figures/fig8_sensitivity_v3_summary.png","113714","BF92BF4194B74C36D328DD8A5529888BC0688C2BDD7D73819C4FEDB9FE714EB9"
"scaffold/docs/manuscript_drafts/figures/fig9_threshold_sensitivity_v4_theta.png","81202","36DB336312504033FF530635DD38DF01CE657318B1D2183C8E73EB53BC86516E"
"scaffold/docs/manuscript_drafts/figures/figure_stats_formal_pilot.csv","515","30ACDB35174B7AE3E9FB36ACCD2FE8B9D6CDCD9C725D7D0D464C7C16D8F5D137"
"scaffold/docs/manuscript_drafts/figures/figure_stats_mechanism_composition.csv","282","3176B761F025FA54EEB5C2454718ADBB466A5D223396D763565FEB08DFD4913D"
"scaffold/docs/manuscript_drafts/figures/figure_stats_spectral_shape.csv","260","A2DDA6B496A0489088B30766C5DDA226965A2CC2990C38E510495BFD56E4295F"
"scaffold/docs/manuscript_drafts/figures/figure_stats_summary.md","447","F2C800C503E7AF3182713631A57A5E36EAB0904E638AAAE1899B606B43C0E9A0"
"scaffold/pyproject.toml","1115","E744E56E0AA7E1E16103B0A9B8B8A37744B01F83EF46CFF524AE479195944F72"
"scaffold/src/paper_c_eesd/__init__.py","108","DB4D33CE14C8949F408FE56E544291F9314CA3B8A1195F7C6C5386815DEA2AC8"
"scaffold/src/paper_c_eesd/fragility/__init__.py","586","6D4B9ED7E699229AB241CB9A018089F51F79F214D2644F16CAA718F4985B25CC"
"scaffold/src/paper_c_eesd/fragility/beta_decomposition.py","5946","254226882688A6708839632DDC117D8CCC14461096972F83665D5B7DB82FA4D0"
"scaffold/src/paper_c_eesd/fragility/fit_fragility.py","6147","7F30041F681DEE107E2B74EA4A23762459813B2096D29F4C651BCE6E7B3B6E25"
"scaffold/src/paper_c_eesd/ground_motion/__init__.py","93","FDCC8224C4DD0946A98D8AC5594747C9ED18B359FD8B7D3B9B43785690EE8213"
"scaffold/src/paper_c_eesd/ground_motion/at2.py","2555","06D82C5F6EAF6218A75C023DF6EC701C8159A94FEBEE00DA134B968AF11A399E"
"scaffold/src/paper_c_eesd/ida/__init__.py","433","BD72D2ED8BBC1F8F9F104BA9DA91C72DB646D7D049E606498010275BE9D8B3D4"
"scaffold/src/paper_c_eesd/ida/run_batch_ida.py","1467","C363895600AF3511797CCC40AEA73B39D75B68DF3A9F4126081E0CBD2DB0D89C"
"scaffold/src/paper_c_eesd/ida/run_single_opensees_ida.py","3062","4F3D17F797EFB33773E5C4EED77DD79BD75C0B9B67F9D10A1E064063BCCC5059"
"scaffold/src/paper_c_eesd/ida/run_single_opensees_tcl_ida.py","8036","1359CE15D0E552ED1AD3EF190974682FE2B5C5183915219E2E6A02BE5702DE23"
"scaffold/src/paper_c_eesd/opensees_models/__init__.py","238","33B71E2C030CA3767889EF356B32860D0AB8677804EE78A5793223E8276D915A"
"scaffold/src/paper_c_eesd/opensees_models/cfst_cantilever_2d.py","4918","4BB4B69A4041D1D8AF41F238ED4FB09B577975154F8222299E3F508A86DB8D1D"
"scaffold/src/paper_c_eesd/opensees_models/cfst_fiber_model.py","1528","4BFA577400766EBDD457D11CF1903790AD95EB624D5E55FFC62499E846405728"
"scaffold/src/paper_c_eesd/postprocess/__init__.py","544","18AACEB0B68963357C6D38AE0EAF2F6CF4CA17BFF25F2121CD2C1CA7B4F33B60"
"scaffold/src/paper_c_eesd/postprocess/collapse_and_mechanism.py","5853","88DA10F70952F62CFB47339BDADED04C54A6967F2257AAFCF2C4DB30425F54AC"
"scaffold/src/paper_c_eesd/postprocess/collect_runs.py","4439","FAEBA3844DE689D94E87D76419C4F80391BA4FA2E82F86DB3890F1D6132C50FA"
"scaffold/src/paper_c_eesd/postprocess/parse_recorders.py","3977","E7F35AF0616ED9603267DCB380FE7041FA443B7B53BF448DD1645D2F295A92F9"
"scaffold/src/paper_c_eesd/postprocess/pipeline.py","6761","5933224271D4DA3838460A8F10A9C70B64814CF0B055801D053714CDF1ABA1EA"
"scaffold/src/paper_c_eesd/postprocess/schema.py","1362","B61F63F54456732B2747DE4CA40ABBA10C179C47ABF54CE18A64EEB4FDAEF83F"
"scaffold/src/paper_c_eesd/utils/__init__.py","94","F7A68804FCC2EB208B7ACE317BD6D5B9E4CFB3099AF52F058B6136811FBF5300"
"scaffold/src/paper_c_eesd/utils/config.py","1964","3F4128D5F1007FD23022A526C88D75861D7D73685803352D33C5E79FED751DD5"
"scaffold/tests/conftest.py","83","327D3530A4AF6AD2BCBB08D5666F0E4379097019DCA08DD1F6A7E455E10C5DD1"
"scaffold/tests/test_at2_reader.py","526","942B45A3AAED86A567D0883B20050FB38A40E67DE6AA6A1A29C3970FA5233D61"
"scaffold/tests/test_beta_decomposition.py","1490","05EF149CB1A257D3472A13EB35316445AB642D0ACC72641522E97F42C8B50A99"
"scaffold/tests/test_config_and_mle.py","2506","0B60E184414ED7D475502D98024F7E14B2D7DB23F8DF33585F93E454E83F90AA"
"scaffold/tests/test_opensees_tcl_motion_reader.py","580","01D9129D21E41DC95DC751633A8D5E5695CAAFFBC8F221C4A4B60EEC77D7B502"
"scaffold/tests/test_postprocess_collapse_mechanism.py","2819","F8CF5B4CE9B1CBFD8A237BF9B21573CD1BAFE012C18E31D125DCAEDCE9ADB080"
"scaffold/tests/test_postprocess_collect_runs.py","1576","9F44EE62F95439289D194706104DD8046974C6C7AF7C2A0E4A2A83552C98E54C"
"scaffold/tests/test_postprocess_pipeline.py","2591","DF44E27C93A531180FFAF94C08B0CE186F48E61EA69CF0B884EB2434FC57CABF"
"scaffold/tools/build_gm_manifest_and_spectral_shape.py","6178","057C19DC7A1B136264DC17DF2514255740A32D43C5B8A26118B81F574AD3411D"
"scaffold/tools/demo_run_pipeline.py","2171","92C6D8DC817EF13CC4BB450F290EDD44E6B663F2276A2E16624A891B76B7FB30"
"scaffold/tools/ida_run_pilot_stub.py","3167","CFDA3ED81050D3273D75ED036F7E43E9D9BB3785B15453D4C507BAD5635B474E"
"scaffold/tools/make_figures_demo.py","2287","C2D7357E4F689DE19A73B5E60DC83EDA7396C99A9FB9B952E099E0E22A003D79"
"scaffold/tools/make_protocol_effect_ledger.py","4443","00635C705B96DF9331CE32C99790A1FD4D07D90EAA53E6A57DB06CC4F2A51FC6"
"scaffold/tools/opensees_run_single_demo.py","2401","6AA34C160CAF3A1FB9A7FEEEBFDD70DA1F354A2944397CF92F984347F32D0E96"
"scaffold/tools/run_compare_pilot_sets.py","5275","3014FABC416AB3EA3F7DDC6F2D3296396224620B2FAC6C1142933BC718378839"
"scaffold/tools/run_full_pool_resampling_r36.py","37902","E1AA8167C2648201300B1F1B136483E57644615C0EACE5A62258F5A83EC3526D"
"scaffold/tools/run_protocol_split_r34.py","22218","AA09BF945A986DB04FB57E23E7D347335D9D0F40254416F5E94E451374460BD6"
"scaffold/tools/run_resampling_r1.py","11701","42C253D50D60142DF30198E0745C20F5691F17BA8731273A3869D51EF656F7AC"
"scaffold/tools/run_sensitivity_v3.py","10493","30692BD723EF34E1C22883F29F13EECC3D5DFC4E9FF4433E5C05C74565D5E43A"
"scaffold/tools/run_threshold_sensitivity_v4.py","7815","74B219CCE9B8EC6BCC4C856782EDD9E04C82BCEA039E72B5413B65FFC19328CD"
"scaffold/uv.lock","287113","02DABA8A25FCE96FD62333F4CA8E4425D04CE5791E2BB44E6D819918B94FD53B"
